size,fit_class,allowance,max_major_dia,min_major_dia,min,max_pitch,min_pitch,minor_dia
0-80 UNF,2A,0.0005,0.0595,0.0563,-,0.0514,0.0496,0.0446
0-80 UNF,3A,0,0.06,0.0568,-,0.0519,0.0506,0.0451
1-64 UNC,2A,0.0006,0.0724,0.0686,-,0.0623,0.0603,0.0538
1-64 UNC,3A,0,0.073,0.0692,-,0.0629,0.0614,0.0544
1-72 UNF,2A,0.0006,0.0724,0.0689,-,0.0634,0.0615,0.0559
1-72 UNF,3A,0,0.073,0.0695,-,0.064,0.0626,0.0565
2-56 UNC,2A,0.0006,0.0854,0.0813,-,0.0738,0.0717,0.0642
2-56 UNC,3A,0,0.086,0.0819,-,0.0744,0.0728,0.0648
2-64 UNF,2A,0.0006,0.0854,0.0816,-,0.0753,0.0733,0.0668
2-64 UNF,3A,0,0.086,0.0822,-,0.0759,0.0744,0.0674
3-48 UNC,2A,0.0007,0.0983,0.0938,-,0.0848,0.0825,0.0734
3-48 UNC,3A,0,0.099,0.0945,-,0.0855,0.0838,0.0741
3-56 UNF,2A,0.0007,0.0983,0.0942,-,0.0867,0.0845,0.0771
3-56 UNF,3A,0,0.099,0.0949,-,0.0874,0.0858,0.0778
4-40 UNC,2A,0.0008,0.1112,0.1061,-,0.095,0.0925,0.0814
4-40 UNC,3A,0,0.112,0.1069,-,0.0958,0.0939,0.0822
4-48 UNF,2A,0.0007,0.1113,0.1068,-,0.0978,0.0954,0.0864
4-48 UNF,3A,0,0.112,0.1075,-,0.0985,0.0967,0.0871
5-40 UNC,2A,0.0008,0.1242,0.1191,-,0.108,0.1054,0.0944
5-40 UNC,3A,0,0.125,0.1199,-,0.1088,0.1069,0.0952
5-44 UNF,2A,0.0007,0.1243,0.1195,-,0.1095,0.107,0.0972
5-44 UNF,3A,0,0.125,0.1202,-,0.1102,0.1083,0.0979
6-32 UNC,2A,0.0008,0.1372,0.1312,-,0.1169,0.1141,0.1
6-32 UNC,3A,0,0.138,0.132,-,0.1177,0.1156,0.1008
6-40 UNF,2A,0.0008,0.1372,0.1321,-,0.121,0.1184,0.1074
6-40 UNF,3A,0,0.138,0.1329,-,0.1218,0.1198,0.1082
8-32 UNC,2A,0.0009,0.1631,0.1571,-,0.1428,0.1399,0.1259
8-32 UNC,3A,0,0.164,0.158,-,0.1437,0.1415,0.1268
8-36 UNF,2A,0.0008,0.1632,0.1577,-,0.1452,0.1424,0.1301
8-36 UNF,3A,0,0.164,0.1585,-,0.146,0.1439,0.1309
10-24 UNC,2A,0.001,0.189,0.1818,-,0.1619,0.1586,0.1394
10-24 UNC,3A,0,0.19,0.1828,-,0.1629,0.1604,0.1404
10-28 UNS,2A,0.001,0.189,0.1825,-,0.1658,0.1625,0.1464
10-32 UNF,2A,0.0009,0.1891,0.1831,-,0.1688,0.1658,0.1519
10-32 UNF,3A,0,0.19,0.184,-,0.1697,0.1674,0.1528
10-36 UNS,2A,0.0009,0.1891,0.1836,-,0.1711,0.1681,0.156
10-40 UNS,2A,0.0009,0.1891,0.184,-,0.1729,0.17,0.1592
10-48 UNS,2A,0.0008,0.1892,0.1847,-,0.1757,0.1731,0.1644
10-56 UNS,2A,0.0007,0.1893,0.1852,-,0.1777,0.1752,0.1681
12-24 UNC,2A,0.001,0.215,0.2078,-,0.1879,0.1845,0.1654
12-24 UNC,3A,0,0.216,0.2088,-,0.1889,0.1863,0.1664
12-28 UNF,2A,0.001,0.215,0.2085,-,0.1918,0.1886,0.1724
12-28 UNF,3A,0,0.216,0.2095,-,0.1928,0.1904,0.1734
12-32 UNEF,2A,0.0009,0.2151,0.2091,-,0.1948,0.1917,0.1779
12-32 UNEF,3A,0,0.216,0.21,-,0.1957,0.1933,0.1788
12-36 UNS,2A,0.0009,0.2151,0.2096,-,0.1971,0.1941,0.1821
12-40 UNS,2A,0.0009,0.2151,0.21,-,0.1989,0.196,0.1835
12-48 UNS,2A,0.0008,0.2152,0.2107,-,0.2017,0.1991,0.1904
12-56 UNS,2A,0.0007,0.2153,0.2112,-,0.2037,0.2012,0.1941
1/4-20 UNC,1A,0.0011,0.2489,0.2367,-,0.2164,0.2108,0.1894
1/4-20 UNC,2A,0.0011,0.2489,0.2408,0.2367,0.2164,0.2127,0.1894
1/4-20 UNC,3A,0,0.25,0.2419,-,0.2175,0.2147,0.1905
1/4-24 UNS,2A,0.0011,0.2489,0.2417,-,0.2218,0.2181,0.1993
1/4-27 UNS,2A,0.001,0.249,0.2423,-,0.2249,0.2214,0.2049
1/4-28 UNF,1A,0.001,0.249,0.2392,-,0.2258,0.2208,0.2064
1/4-28 UNF,2A,0.001,0.249,0.2425,-,0.2258,0.2225,0.2064
1/4-28 UNF,3A,0,0.25,0.2435,-,0.2268,0.2243,0.2074
1/4-32 UNEF,2A,0.001,0.249,0.243,-,0.2287,0.2255,0.2118
1/4-32 UNEF,3A,0,0.25,0.244,-,0.2297,0.2273,0.2128
1/4-36 UNS,2A,0.0009,0.2491,0.2436,-,0.2311,0.228,0.2161
1/4-40 UNS,2A,0.0009,0.2491,0.244,-,0.2329,0.23,0.2193
1/4-48 UNS,2A,0.0008,0.2492,0.2447,-,0.2357,0.233,0.2243
1/4-56 UNS,2A,0.0008,0.2492,0.2451,-,0.2376,0.235,0.228
5/16-18 UNC,1A,0.0012,0.3113,0.2982,-,0.2752,0.2691,0.2452
5/16-18 UNC,2A,0.0012,0.3113,0.3026,0.2982,0.2752,0.2712,0.2452
5/16-18 UNC,3A,0,0.3125,0.3038,-,0.2764,0.2734,0.2464
5/16-20 UN,2A,0.0012,0.3113,0.3032,-,0.2788,0.2748,0.2518
5/16-20 UN,3A,0,0.3125,0.3044,-,0.28,0.277,0.253
5/16-24 UNF,1A,0.0011,0.3114,0.3006,-,0.2843,0.2788,0.2618
5/16-24 UNF,2A,0.0011,0.3114,0.3042,-,0.2843,0.2806,0.2618
5/16-24 UNF,3A,0,0.3125,0.3053,-,0.2854,0.2827,0.2629
5/16-27 UNS,2A,0.001,0.3115,0.3048,-,0.2874,0.2839,0.2674
5/16-28 UN,2A,0.001,0.3115,0.305,-,0.2883,0.2849,0.2689
5/16-28 UN,3A,0,0.3125,0.306,-,0.2893,0.2867,0.2699
5/16-32 UNEF,2A,0.001,0.3115,0.3055,-,0.2912,0.288,0.2743
5/16-32 UNEF,3A,0,0.3125,0.3065,-,0.2922,0.2898,0.2753
5/16-36 UNS,2A,0.0009,0.3116,0.3061,-,0.2936,0.2905,0.2785
5/16-40 UNS,2A,0.0009,0.3116,0.3065,-,0.2954,0.2925,0.2818
5/16-48 UNS,2A,0.0008,0.3117,0.3072,-,0.2982,0.2955,0.2869
3/8-16 UNC,1A,0.0013,0.3737,0.3595,-,0.3331,0.3266,0.2992
3/8-16 UNC,2A,0.0013,0.3737,0.3643,0.3595,0.3331,0.3287,0.2992
3/8-16 UNC,3A,0,0.375,0.3656,-,0.3344,0.3311,0.3005
3/8-18 UNS,2A,0.0013,0.3737,0.365,-,0.3376,0.3333,0.3076
3/8-20 UN,2A,0.0012,0.3738,0.3657,-,0.3413,0.3372,0.3143
3/8-20 UN,3A,0,0.375,0.3669,-,0.3425,0.3394,0.3155
3/8-24 UNF,1A,0.0011,0.3739,0.3631,-,0.3468,0.3411,0.3243
3/8-24 UNF,2A,0.0011,0.3739,0.3667,-,0.3468,0.343,0.3243
3/8-24 UNF,3A,0,0.375,0.3678,-,0.3479,0.345,0.3254
3/8-27 UNS,2A,0.0011,0.3739,0.3672,-,0.3498,0.3462,0.3298
3/8-28 UN,2A,0.0011,0.3739,0.3674,-,0.3507,0.3471,0.3313
3/8-28 UN,3A,0,0.375,0.3685,-,0.3518,0.3491,0.3324
3/8-32 UNEF,2A,0.001,0.374,0.368,-,0.3537,0.3503,0.3368
3/8-32 UNEF,3A,0,0.375,0.369,-,0.3547,0.3522,0.3378
3/8-36 UNS,2A,0.001,0.374,0.3685,-,0.356,0.3528,0.3409
3/8-40 UNS,2A,0.0009,0.3741,0.369,-,0.3579,0.3548,0.3443
0.390-27 UNS,2A,0.0011,0.3889,0.3822,-,0.3648,0.3612,0.3448
7/16-14 UNC,1A,0.0014,0.4361,0.4206,-,0.3897,0.3826,0.3511
7/16-14 UNC,2A,0.0014,0.4361,0.4258,0.4206,0.3897,0.385,0.3511
7/16-14 UNC,3A,0,0.4375,0.4272,-,0.3911,0.3876,0.3525
7/16-16 UN,2A,0.0014,0.4361,0.4267,-,0.3955,0.3909,0.3616
7/16-16 UN,3A,0,0.4375,0.4281,-,0.3969,0.3935,0.363
7/16-18 UNS,2A,0.0013,0.4362,0.4275,-,0.4001,0.3958,0.3701
7/16-20 UNF,1A,0.0013,0.4362,0.424,-,0.4037,0.3975,0.3767
7/16-20 UNF,2A,0.0013,0.4362,0.4281,-,0.4037,0.3995,0.3767
7/16-20 UNF,3A,0,0.4375,0.4294,-,0.405,0.4019,0.378
7/16-24 UNS,2A,0.0011,0.4364,0.4292,-,0.4093,0.4055,0.3868
7/16-27 UNS,2A,0.0011,0.4364,0.4297,-,0.4123,0.4087,0.3923
7/16-28 UNEF,2A,0.0011,0.4364,0.4299,-,0.4132,0.4096,0.3838
7/16-28 UNEF,3A,0,0.4375,0.431,-,0.4143,0.4116,0.3949
7/16-32 UN,2A,0.001,0.4365,0.4305,-,0.4162,0.4128,0.3993
7/16-32 UN,3A,0,0.4375,0.4315,-,0.4172,0.4147,0.4003
1/2-12 UNS,2A,0.0016,0.4984,0.487,-,0.4443,0.4389,0.3992
1/2-12 UNS,3A,0,0.5,0.4886,-,0.4459,0.4419,0.4008
1/2-13 UNC,1A,0.0015,0.4985,0.4822,-,0.4485,0.4411,0.4069
1/2-13 UNC,2A,0.0015,0.4985,0.4876,0.4822,0.4485,0.4435,0.4069
1/2-13 UNC,3A,0,0.5,0.4891,-,0.45,0.4463,0.4084
1/2-14 UNS,2A,0.0015,0.4985,0.4882,-,0.4521,0.4471,0.4135
1/2-16 UN,2A,0,0.4986,0.4892,-,0.458,0.4533,0.4241
1/2-16 UN,3A,0,0.5,0.4906,-,0.4594,0.4559,0.4255
1/2-18 UNS,2A,0.0013,0.4987,0.49,-,0.4626,0.4582,0.4326
1/2-20 UNF,1A,0.0013,0.4987,0.4865,-,0.4662,0.4598,0.4392
1/2-20 UNF,2A,0.0013,0.4987,0.4906,-,0.4662,0.4619,0.4392
1/2-20 UNF,3A,0,0.5,0.4919,-,0.4675,0.4643,0.4405
1/2-24 UNS,2A,0.0012,0.4988,0.4916,-,0.4717,0.4678,0.4492
1/2-27 UNS,2A,0.0011,0.4989,0.4922,-,0.4748,0.4711,0.4548
1/2-28 UNEF,2A,0.0011,0.4989,0.4924,-,0.4757,0.472,0.4563
1/2-28 UNEF,3A,0,0.5,0.4935,-,0.4768,0.474,0.4574
1/2-32 UN,2A,0.001,0.499,0.493,-,0.4787,0.4752,0.4618
1/2-32 UN,3A,0,0.5,0.494,-,0.4797,0.4771,0.4628
9/16-12 UNC,1A,0.0016,0.5609,0.5437,-,0.5068,0.499,0.4617
9/16-12 UNC,2A,0.0016,0.5609,0.5495,0.5437,0.5068,0.5016,0.4617
9/16-12 UNC,3A,0,0.5625,0.5511,-,0.5084,0.5045,0.4633
9/16-14 UNS,2A,0.0015,0.561,0.5507,-,0.5146,0.5096,0.476
9/16-16 UN,2A,0.0014,0.5611,0.5517,-,0.5205,0.5158,0.4866
9/16-16 UN,3A,0,0.5625,0.5531,-,0.5219,0.5184,0.488
9/16-18 UNF,1A,0.0014,0.5611,0.548,-,0.525,0.5182,0.495
9/16-18 UNF,2A,0.0014,0.5611,0.5524,-,0.525,0.5205,0.495
9/16-18 UNF,3A,0,0.5625,0.5538,-,0.5264,0.523,0.4964
9/16-20 UN,2A,0.0013,0.5612,0.5531,-,0.5287,0.5245,0.5017
9/16-20 UN,3A,0,0.5625,0.5544,-,0.53,0.5268,0.503
9/16-24 UNEF,2A,0.0012,0.5613,0.5541,-,0.5342,0.5303,0.5117
9/16-24 UNEF,3A,0,0.5625,0.5553,-,0.5354,0.5325,0.5129
9/16-27 UNS,2A,0.0011,0.5614,0.5547,-,0.5373,0.5336,0.5173
9/16-28 UN,2A,0.0011,0.5614,0.5549,-,0.5382,0.5345,0.5188
9/16-28 UN,3A,0,0.5625,0.556,-,0.5393,0.5365,0.5199
9/16-32 UN,2A,0.001,0.5615,0.5555,-,0.5412,0.5377,0.5243
9/16-32 UN,3A,0,0.5625,0.5565,-,0.5422,0.5396,0.5253
5/8-11 UNC,1A,0.0016,0.6234,0.6052,-,0.5644,0.5561,0.5152
5/8-11 UNC,2A,0.0016,0.6234,0.6113,0.6052,0.5644,0.5589,0.5152
5/8-11 UNC,3A,0,0.625,0.6129,-,0.566,0.5619,0.5168
5/8-12 UN,2A,0.0016,0.6234,0.612,-,0.5693,0.5639,0.5242
5/8-12 UN,3A,0,0.625,0.6136,-,0.5709,0.5668,0.5258
5/8-14 UNS,2A,0.0015,0.6235,0.6132,-,0.5771,0.572,0.5385
5/8-16 UN,2A,0.0014,0.6236,0.6142,-,0.583,0.5782,0.5491
5/8-16 UN,3A,0,0.625,0.6156,-,0.5844,0.5808,0.5505
5/8-18 UNF,1A,0.0014,0.6236,0.6105,-,0.5875,0.5805,0.5575
5/8-18 UNF,2A,0.0014,0.6236,0.6149,-,0.5875,0.5828,0.5575
5/8-18 UNF,3A,0,0.625,0.6163,-,0.5889,0.5854,0.5589
5/8-20 UN,2A,0.0013,0.6237,0.6156,-,0.5912,0.5869,0.5642
5/8-20 UN,3A,0,0.625,0.6169,-,0.5925,0.5893,0.5655
5/8-24 UNEF,2A,0.0012,0.6238,0.6166,-,0.5967,0.5927,0.5742
5/8-24 UNEF,3A,0,0.625,0.6178,-,0.5979,0.5949,0.5754
5/8-27 UNS,2A,0.0011,0.6239,0.6172,-,0.5998,0.596,0.5798
5/8-28 UN,2A,0.0011,0.6239,0.6174,-,0.6007,0.5969,0.5813
5/8-28 UN,3A,0,0.625,0.6185,-,0.6018,0.599,0.5824
5/8-32 UN,2A,0.0011,0.6239,0.6179,-,0.6036,0.6,0.5867
5/8-32 UN,3A,0,0.625,0.619,-,0.6047,0.602,0.5878
11/16-12 UN,2A,0.0016,0.6859,0.6745,-,0.6318,0.6264,0.5867
11/16-12 UN,3A,0,0.6875,0.6761,-,0.6334,0.6293,0.5883
11/16-16 UN,2A,0.0014,0.6861,0.6767,-,0.6455,0.6407,0.6116
11/16-16 UN,3A,0,0.6875,0.6781,-,0.6469,0.6433,0.613
11/16-20 UN,2A,0.0013,0.6862,0.6781,-,0.6537,0.6494,0.6267
11/16-20 UN,3A,0,0.6875,0.6794,-,0.655,0.6518,0.628
11/16-24 UNEF,2A,0.0012,0.6863,0.6791,-,0.6592,0.6552,0.6367
11/16-24 UNEF,3A,0,0.6875,0.6803,-,0.6604,0.6574,0.6379
11/16-28 UN,2A,0.0011,0.6864,0.6799,-,0.6632,0.6594,0.6438
11/16-28 UN,3A,0,0.6875,0.681,-,0.6643,0.6615,0.6449
11/16-32 UN,2A,0.0011,0.6864,0.6804,-,0.6661,0.6625,0.6492
11/16-32 UN,3A,0,0.6875,0.6815,-,0.6672,0.6645,0.6503
3/4-10 UNC,1A,0.0018,0.7482,0.7288,-,0.6832,0.6744,0.6291
3/4-10 UNC,2A,0.0018,0.7482,0.7353,0.7288,0.6832,0.6773,0.6291
3/4-10 UNC,3A,0,0.75,0.7371,-,0.685,0.6806,0.6309
3/4-12 UN,2A,0.0017,0.7483,0.7369,-,0.6942,0.6887,0.6491
3/4-12 UN,3A,0,0.75,0.7386,-,0.6959,0.6918,0.6508
3/4-14 UNS,2A,0.0015,0.7485,0.7382,-,0.7021,0.697,0.6635
3/4-16 UNF,1A,0.0015,0.7485,0.7343,-,0.7079,0.7004,0.674
3/4-16 UNF,2A,0.0015,0.7485,0.7391,-,0.7079,0.7029,0.674
3/4-16 UNF,3A,0,0.75,0.7406,-,0.7094,0.7056,0.6755
3/4-18 UNS,2A,0.0014,0.7486,0.7399,-,0.7125,0.7079,0.6825
3/4-20 UNEF,2A,0.0013,0.7487,0.7406,-,0.7162,0.7118,0.6892
3/4-20 UNEF,3A,0,0.75,0.7419,-,0.7175,0.7142,0.6905
3/4-24 UNS,2A,0.0012,0.7488,0.7416,-,0.7217,0.7176,0.6992
3/4-27 UNS,2A,0.0012,0.7488,0.7421,-,0.7247,0.7208,0.7047
3/4-28 UN,2A,0.0012,0.7488,0.7423,-,0.7256,0.7218,0.7062
3/4-28 UN,3A,0,0.75,0.7435,-,0.7268,0.7239,0.7074
3/4-32 UN,2A,0.0011,0.7489,0.7429,-,0.7286,0.725,0.7114
3/4-32 UN,3A,0,0.75,0.744,-,0.7297,0.727,0.7128
13/16-12 UN,2A,0.0017,0.8108,0.7994,-,0.7567,0.7512,0.7116
13/16-12 UN,3A,0,0.8125,0.8011,-,0.7584,0.7543,0.7133
13/16-16 UN,2A,0.0015,0.811,0.8016,-,0.7704,0.7655,0.7365
13/16-16 UN,3A,0,0.8125,0.8031,-,0.7719,0.7683,0.738
13/16-20 UNEF,2A,0.0013,0.8112,0.8031,-,0.7787,0.7743,0.7517
13/16-20 UNEF,3A,0,0.8125,0.8044,-,0.78,0.7767,0.753
13/16-28 UN,2A,0.0012,0.8113,0.8048,-,0.7881,0.7843,0.7687
13/16-28 UN,3A,0,0.8125,0.806,-,0.7893,0.7864,0.7699
13/16-32 UN,2A,0.0011,0.8114,0.8054,-,0.7911,0.7875,0.7742
13/16-32 UN,3A,0,0.8125,0.8065,-,0.7922,0.7895,0.7753
7/8-9 UNC,1A,0.0019,0.8731,0.8523,-,0.8009,0.7914,0.7408
7/8-9 UNC,2A,0.0019,0.8731,0.8592,0.8523,0.8009,0.7946,0.7408
7/8-9 UNC,3A,0,0.875,0.8611,-,0.8028,0.7981,0.7427
7/8-10 UNS,2A,0.0018,0.8732,0.8603,-,0.8082,0.8022,0.7542
7/8-12 UN,2A,0.0017,0.8733,0.8619,-,0.8192,0.8137,0.7741
7/8-12 UN,3A,0,0.875,0.8636,-,0.8209,0.8168,0.7758
7/8-14 UNF,1A,0.0016,0.8734,0.8579,-,0.827,0.8189,0.7884
7/8-14 UNF,2A,0.0016,0.8734,0.8631,-,0.827,0.8216,0.7884
7/8-14 UNF,3A,0,0.875,0.8647,-,0.8286,0.8245,0.79
7/8-16 UN,2A,0.0015,0.8735,0.8641,-,0.8329,0.828,0.79
7/8-16 UN,3A,0,0.875,0.8656,-,0.8344,0.8308,0.8005
7/8-18 UNS,2A,0.0014,0.8736,0.8649,-,0.8375,0.8329,0.8075
7/8-20 UNEF,2A,0.0013,0.8737,0.8656,-,0.8412,0.8368,0.8142
7/8-20 UNEF,3A,0,0.875,0.8669,-,0.8425,0.8392,0.8155
7/8-24 UNS,2A,0.0012,0.8738,0.8666,-,0.8467,0.8426,0.8242
7/8-27 UNS,2A,0.0012,0.8738,0.8671,-,0.8497,0.8458,0.8297
7/8-28 UN,2A,0.0012,0.8738,0.8673,-,0.8506,0.8468,0.8312
7/8-28 UN,3A,0,0.875,0.8685,-,0.8518,0.8489,0.8324
7/8-32 UN,2A,0.0011,0.8739,0.8679,-,0.8536,0.85,0.8367
7/8-32 UN,3A,0,0.875,0.869,-,0.8547,0.852,0.8378
15/16-12 UN,2A,0.0017,0.9358,0.9244,-,0.8817,0.876,0.8366
15/16-12 UN,3A,0,0.9375,0.9261,-,0.8834,0.8793,0.8383
15/16-16 UN,2A,0.0015,0.936,0.9266,-,0.8954,0.8904,0.8615
15/16-16 UN,3A,0,0.9375,0.9281,-,0.8969,0.8932,0.863
15/16-20 UNEF,2A,0.0014,0.9361,0.928,-,0.9036,0.8991,0.8766
15/16-20 UNEF,3A,0,0.9375,0.9294,-,0.905,0.9016,0.878
15/16-28 UN,2A,0.0012,0.9363,0.9298,-,0.9131,0.9091,0.8937
15/16-28 UN,3A,0,0.9375,0.931,-,0.9143,0.9113,0.8949
15/16-32 UN,2A,0.0011,0.9364,0.9304,-,0.9161,0.9123,0.8992
15/16-32 UN,3A,0,0.9375,0.9315,-,0.9172,0.9144,0.9003
1-8 UNC,1A,0.002,0.998,0.9755,-,0.9168,0.9067,0.8492
1-8 UNC,2A,0.002,0.998,0.983,0.9755,0.9168,0.91,0.8492
1-8 UNC,3A,0,1,0.985,-,0.9188,0.9137,0.8512
1-10 UNS,2A,0.0018,0.9982,0.9853,-,0.9332,0.927,0.8792
1-12 UNF,1A,0.0018,0.9982,0.981,-,0.9441,0.9353,0.899
1-12 UNF,2A,0.0018,0.9982,0.9868,-,0.9441,0.9382,0.899
1-12 UNF,3A,0,1,0.9886,-,0.9459,0.9415,0.9008
1-14 UNS,1A,0.0017,0.9983,0.9828,-,0.9519,0.9435,0.9132
1-14 UNS,2A,0.0017,0.9983,0.988,-,0.9519,0.9463,0.9132
1-14 UNS,3A,0,1,0.9897,-,0.9536,0.9494,0.9149
1-16 UN,2A,0.0015,0.9985,0.9891,-,0.9579,0.9529,0.924
1-16 UN,3A,0,1,0.9906,-,0.9594,0.9557,0.9255
1-18 UNS,2A,0.0014,0.9986,0.9899,-,0.9625,0.9578,0.9325
1-20 UNEF,2A,0.0014,0.9986,0.9905,-,0.9661,0.9616,0.9391
1-20 UNEF,3A,0,1,0.9919,-,0.9675,0.9641,0.9405
1-24 UNS,2A,0.0013,0.9987,0.9915,-,0.9716,0.9674,0.9491
1-27 UNS,2A,0.0012,0.9988,0.9921,-,0.9747,0.9707,0.9547
1-28 UN,2A,0.0012,0.9988,0.9923,-,0.9756,0.9716,0.9562
1-28 UN,3A,0,1,0.9935,-,0.9768,0.9738,0.9574
1-32 UN,2A,0.0011,0.9989,0.9929,-,0.9786,0.9748,0.9617
1-32 UN,3A,0,1,0.994,-,0.9797,0.9769,0.9628
1 1/16-8 UN,2A,0.002,1.0605,1.0455,-,0.9793,0.9725,0.9117
1 1/16-8 UN,3A,0,1.0625,1.0475,-,0.9813,0.9762,0.9137
1 1/16-12 UN,2A,0.0017,1.0608,1.0494,-,1.0067,1.001,0.9616
1 1/16-12 UN,3A,0,1.0625,1.0511,-,1.0084,1.0042,0.9633
1 1/16-16 UN,2A,0.0015,1.061,1.0516,-,1.0204,1.0154,0.9865
1 1/16-16 UN,3A,0,1.0625,1.0531,-,1.0219,1.0182,0.988
1 1/16-18 UNEF,2A,0.0014,1.0611,1.0524,-,1.025,1.0203,0.995
1 1/16-18 UNEF,3A,0,1.0625,1.0538,-,1.0264,1.0228,0.9964
1 1/16-20 UN,2A,0.0014,1.0611,1.053,-,1.0286,1.0241,1.0016
1 1/16-20 UN,3A,0,1.0625,1.0544,-,1.03,1.0266,1.003
1 1/16-28 UN,2A,0.0012,1.0613,1.0548,-,1.0381,1.0341,1.0187
1 1/16-28 UN,3A,0,1.0625,1.056,-,1.0393,1.0363,1.0199
1 1/8-7 UNC,1A,0.0022,1.1228,1.0982,-,1.03,1.0191,0.9527
1 1/8-7 UNC,2A,0.0022,1.1228,1.1064,1.0982,1.03,1.0228,0.9527
1 1/8-7 UNC,3A,0,1.125,1.1086,-,1.0322,1.0268,0.9549
1 1/8-8 UN,2A,0.0021,1.1229,1.1079,1.1004,1.0417,1.0348,0.9741
1 1/8-8 UN,3A,0,1.125,1.11,-,1.0438,1.0386,0.9762
1 1/8-10 UNS,2A,0.0018,1.1232,1.1103,-,1.0582,1.052,1.0042
1 1/8-12 UNF,1A,0.0018,1.1232,1.106,-,1.0691,1.0601,1.024
1 1/8-12 UNF,2A,0.0018,1.1232,1.1118,-,1.0691,1.0631,1.024
1 1/8-12 UNF,3A,0,1.125,1.1136,-,1.0709,1.0664,1.0258
1 1/8-14 UNS,2A,0.0016,1.1234,1.1131,-,1.077,1.0717,1.0384
1 1/8-16 UN,2A,0.0015,1.1235,1.1141,-,1.0829,1.0779,1.049
1 1/8-16 UN,3A,0,1.125,1.1156,-,1.0844,1.0807,1.0505
1 1/8-18 UNEF,2A,0.0014,1.1236,1.1149,-,1.0875,1.0828,1.0575
1 1/8-18 UNEF,3A,0,1.125,1.1163,-,1.0889,1.0853,1.0589
1 1/8-20 UN,2A,0.0014,1.1236,1.1155,-,1.0911,1.0866,1.0641
1 1/8-20 UN,3A,0,1.125,1.1169,-,1.0925,1.0891,1.0655
1 1/8-24 UNS,2A,0.0013,1.1237,1.1165,-,1.0966,1.0924,1.0742
1 1/8-28 UN,2A,0.0012,1.1238,1.1173,-,1.1006,1.0966,1.0812
1 1/8-28 UN,3A,0,1.125,1.1185,-,1.1018,1.0988,1.0824
1 3/16-8 UN,2A,0.0021,1.1854,1.1704,-,1.1042,1.0972,1.0366
1 3/16-8 UN,3A,0,1.1875,1.1725,-,1.1063,1.1011,1.0387
1 3/16-12 UN,2A,1.0017,1.1858,1.1744,-,1.1317,1.1259,1.0866
1 3/16-12 UN,3A,0,1.1872,1.1761,-,1.1334,1.1291,1.0883
1 3/16-16 UN,2A,0.0015,1.186,1.1766,-,1.1454,1.1403,1.1115
1 3/16-16 UN,3A,0,1.1875,1.1781,-,1.1469,1.1431,1.113
1 3/16-18 UNEF,2A,0.0015,1.186,1.1773,-,1.1499,1.145,1.1199
1 3/16-18 UNEF,3A,0,1.1875,1.1788,-,1.1514,1.1478,1.1214
1 3/16-20 UN,2A,0.0014,1.1861,1.178,-,1.1536,1.1489,1.1266
1 3/16-20 UN,3A,0,1.1875,1.1794,-,1.155,1.1515,1.128
1 3/16-28 UN,2A,0.0012,1.1863,1.1798,-,1.1631,1.159,1.1437
1 3/16-28 UN,3A,0,1.1875,1.181,-,1.1643,1.1612,1.1449
1 1/4-7 UNC,1A,0.0022,1.2478,1.2232,-,1.155,1.1439,1.0777
1 1/4-7 UNC,2A,0.0022,1.2478,1.2314,1.2232,1.155,1.1476,1.0777
1 1/4-7 UNC,3A,0,1.25,1.2336,-,1.1572,1.1517,1.0799
1 1/4-8 UN,2A,0.0021,1.2479,1.2329,1.2254,1.1667,1.1597,1.0991
1 1/4-8 UN,3A,0,1.25,1.235,-,1.1688,1.1635,1.1012
1 1/4-10 UNS,2A,0.0019,1.2481,1.2352,-,1.1831,1.1768,1.1291
1 1/4-12 UNF,1A,0.0018,1.2482,1.231,-,1.1941,1.1849,1.149
1 1/4-12 UNF,2A,0.0018,1.2482,1.2368,-,1.1941,1.1879,1.149
1 1/4-12 UNF,3A,0,1.25,1.2386,-,1.1959,1.1913,1.1508
1 1/4-14 UNS,2A,0.0016,1.2484,1.2381,-,1.202,1.1966,1.1634
1 1/4-16 UN,2A,0.0015,1.2485,1.2391,-,1.2079,1.2028,1.174
1 1/4-16 UN,3A,0,1.25,1.2406,-,1.2094,1.2056,1.1755
1 1/4-18 UNEF,2A,0.0015,1.2485,1.2398,-,1.2124,1.2075,1.1824
1 1/4-18 UNEF,3A,0,1.25,1.2413,-,1.2139,1.2103,1.1839
1 1/4-20 UN,2A,0.0014,1.2486,1.2405,-,1.2161,1.2114,1.1891
1 1/4-20 UN,3A,0,1.25,1.2419,-,1.2175,1.214,1.1905
1 1/4-24 UNS,2A,0.0013,1.2487,1.2415,-,1.2216,1.2173,1.1991
1 1/4-28 UN,2A,0.0012,1.2488,1.2423,-,1.2256,1.2215,1.2062
1 1/4-28 UN,3A,0,1.25,1.2435,-,1.2268,1.2237,1.2074
1 5/16-8 UN,2A,0.0021,1.3104,1.2954,-,1.2292,1.2221,1.1616
1 5/16-8 UN,3A,0,1.3125,1.2975,-,1.2313,1.226,1.1637
1 5/16-12 UN,2A,0.0017,1.3108,1.2994,-,1.2567,1.2509,1.2116
1 5/16-12 UN,3A,0,1.3125,1.3011,-,1.2584,1.2541,1.2133
1 5/16-16 UN,2A,0.0015,1.311,1.3016,-,1.2704,1.2653,1.2365
1 5/16-16 UN,3A,0,1.3125,1.3031,-,1.2719,1.2681,1.238
1 5/16-18 UNEF,2A,0.0015,1.311,1.3023,-,1.2749,1.27,1.2449
1 5/16-18 UNEF,3A,0,1.3125,1.3038,-,1.2764,1.2728,1.2464
1 5/16-20 UN,2A,0.0014,1.3111,1.303,-,1.2786,1.2739,1.2516
1 5/16-20 UN,3A,0,1.3125,1.3044,-,1.28,1.2765,1.253
1 5/16-28 UN,2A,0.0012,1.3113,1.3048,-,1.2881,1.284,1.2687
1 5/16-28 UN,3A,0,1.3125,1.306,-,1.2893,1.2862,1.2699
1 3/8-6 UNC,1A,0.0024,1.3726,1.3453,-,1.2643,1.2523,1.1742
1 3/8-6 UNC,2A,0.0024,1.3726,1.3544,1.3453,1.2643,1.2563,1.1742
1 3/8-6 UNC,3A,0,1.375,1.3568,-,1.2667,1.2607,1.1766
1 3/8-8 UN,2A,0.0022,1.3728,1.3578,1.3503,1.2916,1.2844,1.224
1 3/8-8 UN,3A,0,1.375,1.36,-,1.2938,1.2884,1.2262
1 3/8-10 UNS,2A,0.0019,1.3731,1.3602,-,1.3081,1.3018,1.2541
1 3/8-12 UNF,1A,0.0019,1.3731,1.3559,-,1.319,1.3096,1.2739
1 3/8-12 UNF,2A,0.0019,1.3731,1.3617,-,1.319,1.3127,1.2739
1 3/8-12 UNF,3A,0,1.375,1.3636,-,1.3209,1.3162,1.2758
1 3/8-14 UNS,2A,0.0016,1.3734,1.3631,-,1.327,1.3216,1.2884
1 3/8-16 UN,2A,0.0015,1.3735,1.3641,-,1.3329,1.3278,1.299
1 3/8-16 UN,3A,0,1.375,1.3656,-,1.3344,1.3306,1.3005
1 3/8-18 UNEF,2A,0.0015,1.3735,1.3648,-,1.3374,1.3325,1.3074
1 3/8-18 UNEF,3A,0,1.375,1.3663,-,1.3389,1.3353,1.3089
1 3/8-20 UN,2A,0.0014,1.3736,1.3655,-,1.3411,1.3364,1.3141
1 3/8-20 UN,3A,0,1.375,1.3669,-,1.3425,1.339,1.3155
1 3/8-24 UNS,2A,0.0013,1.3737,1.3665,-,1.3466,1.3423,1.3241
1 3/8-28 UN,2A,0.0012,1.3738,1.3673,-,1.3506,1.3465,1.3312
1 3/8-28 UN,3A,0,1.375,1.3685,-,1.3518,1.3487,1.3324
1 7/16-6 UN,2A,0.0024,1.4351,1.4169,-,1.3268,1.3188,1.2367
1 7/16-6 UN,3A,0,1.4375,1.4193,-,1.3292,1.3232,1.2391
1 7/16-8 UN,2A,0.0022,1.4353,1.4203,-,1.3541,1.3469,1.2865
1 7/16-8 UN,3A,0,1.4375,1.4225,-,1.3563,1.3509,1.2887
1 7/16-12 UN,2A,0.0018,1.4357,1.4243,-,1.3816,1.3757,1.3365
1 7/16-12 UN,3A,0,1.4375,1.4261,-,1.3834,1.379,1.3383
1 7/16-16 UN,2A,0.0016,1.4359,1.4265,-,1.3953,1.3901,1.3614
1 7/16-16 UN,3A,0,1.4375,1.4281,-,1.3969,1.393,1.363
1 7/16-18 UNEF,2A,0.0015,1.436,1.4273,-,1.3999,1.3949,1.3699
1 7/16-18 UNEF,3A,0,1.4375,1.4288,-,1.4014,1.3977,1.3714
1 7/16-20 UN,2A,0.0014,1.4361,1.428,-,1.4036,1.3988,1.3766
1 7/16-20 UN,3A,0,1.4375,1.4294,-,1.405,1.4014,1.378
1 7/16-28 UN,2A,0.0013,1.4362,1.4297,-,1.413,1.4088,1.3936
1 7/16-28 UN,3A,0,1.4375,1.431,-,1.4143,1.4112,1.3949
1 1/2-6 UNC,1A,0.0024,1.4976,1.4703,-,1.3893,1.3772,1.2992
1 1/2-6 UNC,2A,0.0024,1.4976,1.4794,1.4703,1.3893,1.3812,1.2992
1 1/2-6 UNC,3A,0,1.5,1.4818,-,1.3917,1.3856,1.3016
1 1/2-8 UN,2A,0.0022,1.4978,1.4828,1.4753,1.4166,1.4093,1.349
1 1/2-8 UN,3A,0,1.5,1.485,-,1.4188,1.4133,1.3512
1 1/2-10 UNS,2A,0.0019,1.4981,1.4852,-,1.4331,1.4267,1.3791
1 1/2-12 UNF,1A,0.0019,1.4981,1.4809,-,1.444,1.4344,1.3989
1 1/2-12 UNF,2A,0.0019,1.4981,1.4867,-,1.444,1.4376,1.3989
1 1/2-12 UNF,3A,0,1.5,1.4886,-,1.4459,1.4411,1.4008
1 1/2-14 UNS,2A,0.0017,1.4983,1.488,-,1.4519,1.4464,1.4133
1 1/2-16 UN,2A,0.0016,1.4984,1.489,-,1.4578,1.4526,1.4239
1 1/2-16 UN,3A,0,1.5,1.4906,-,1.4594,1.4555,1.4255
1 1/2-18 UNEF,2A,0.0015,1.4985,1.4898,-,1.4624,1.4574,1.4324
1 1/2-18 UNEF,3A,0,1.5,1.4913,-,1.4639,1.4602,1.4339
1 1/2-20 UN,2A,0.0014,1.4986,1.4905,-,1.4661,1.4613,1.4391
1 1/2-20 UN,3A,0,1.5,1.4919,-,1.4675,1.4639,1.4405
1 1/2-24 UNS,2A,0.0013,1.4987,1.4915,-,1.4716,1.4672,1.4991
1 1/2-28 UN,2A,0.0013,1.4987,1.4922,-,1.4755,1.4713,1.4561
1 1/2-28 UN,3A,0,1.5,1.4935,-,1.4768,1.4737,1.4574
1 9/16-6 UN,2A,0.0024,1.5601,1.5419,-,1.4518,1.4436,1.3617
1 9/16-6 UN,3A,0,1.5625,1.5443,-,1.4542,1.4481,1.3641
1 9/16-8 UN,2A,0.0022,1.5603,1.5453,-,1.4791,1.4717,1.4115
1 9/16-8 UN,3A,0,1.5625,1.5475,-,1.4813,1.4758,1.4137
1 9/16-12 UN,2A,0.0018,1.5607,1.5493,-,1.5066,1.5007,1.4615
1 9/16-12 UN,3A,0,1.5625,1.5511,-,1.5084,1.504,1.4633
1 9/16-16 UN,2A,0.0016,1.5609,1.5515,-,1.5203,1.5151,1.4864
1 9/16-16 UN,3A,0,1.5625,1.5531,-,1.5219,1.518,1.488
1 9/16-18 UNEF,2A,0.0015,1.561,1.5523,-,1.5249,1.5199,1.4949
1 9/16-18 UNEF,3A,0,1.5625,1.5538,-,1.5264,1.5227,1.4964
1 9/16-20 UN,2A,0.0014,1.5611,1.553,-,1.5286,1.5238,1.5016
1 9/16-20 UN,3A,0,1.5625,1.5544,-,1.53,1.5264,1.503
1 5/8-6 UN,2A,0.0025,1.6225,1.6043,-,1.5142,1.506,1.4246
1 5/8-6 UN,3A,0,1.625,1.6068,-,1.5167,1.5105,1.4271
1 5/8-8 UN,2A,0.0022,1.6228,1.6078,1.6003,1.5416,1.5342,1.4784
1 5/8-8 UN,3A,0,1.625,1.61,-,1.5438,1.5382,1.4806
1 5/8-10 UNS,2A,0.0019,1.6231,1.6102,-,1.5581,1.5517,1.5041
1 5/8-12 UN,2A,0.0018,1.6232,1.6118,-,1.5691,1.5632,1.524
1 5/8-12 UN,3A,0,1.625,1.6136,-,1.5709,1.5665,1.5258
1 5/8-14 UNS,2A,0.0017,1.6233,1.613,-,1.5769,1.5714,1.5383
1 5/8-16 UN,2A,0.0016,1.6234,1.614,-,1.5828,1.5776,1.5489
1 5/8-16 UN,3A,0,1.625,1.6156,-,1.5844,1.5805,1.5505
1 5/8-18 UNEF,2A,0.0015,1.6235,1.6148,-,1.5874,1.5824,1.5574
1 5/8-18 UNEF,3A,0,1.625,1.6163,-,1.5889,1.5852,1.5589
1 5/8-20 UN,2A,0.0014,1.6236,1.6155,-,1.5911,1.5863,1.5641
1 5/8-20 UN,3A,0,1.625,1.6169,-,1.5925,1.5889,1.5655
1 5/8-24 UNS,2A,0.0013,1.6237,1.6165,-,1.5966,1.5922,1.5741
1 11/16-6 UN,2A,0.0025,1.685,1.6668,-,1.5767,1.5684,1.4866
1 11/16-6 UN,3A,0,1.6875,1.6693,-,1.5792,1.573,1.4891
1 11/16-8 UN,2A,0.0022,1.6853,1.6703,-,1.6041,1.5966,1.5365
1 11/16-8 UN,3A,0,1.6875,1.6725,-,1.6063,1.6007,1.5387
1 11/16-12 UN,2A,0.0018,1.6857,1.6743,-,1.6316,1.6256,1.5865
1 11/16-12 UN,3A,0,1.6875,1.6761,-,1.6334,1.6289,1.5883
1 11/16-16 UN,2A,0.0016,1.6859,1.6765,-,1.6453,1.64,1.6114
1 11/16-16 UN,3A,0,1.6875,1.6781,-,1.6469,1.6429,1.613
1 11/16-18 UNEF,2A,0.0015,1.686,1.6773,-,1.6499,1.6448,1.6199
1 11/16-18 UNEF,3A,0,1.6875,1.6788,-,1.6514,1.6476,1.6214
1 11/16-20 UN,2A,0.0015,1.686,1.6779,-,1.6535,1.6487,1.6265
1 11/16-20 UN,3A,0,1.6875,1.6794,-,1.655,1.6514,1.628
1 3/4-5 UNC,1A,0.0027,1.7473,1.7165,-,1.6174,1.604,1.5092
1 3/4-5 UNC,2A,0.0027,1.7473,1.7268,1.7165,1.6174,1.6085,1.5092
1 3/4-5 UNC,3A,0,1.75,1.7295,-,1.6201,1.6134,1.5119
1 3/4-6 UN,2A,0.0025,1.7475,1.7293,-,1.6392,1.6309,1.5491
1 3/4-6 UN,3A,0,1.75,1.7318,-,1.6417,1.6354,1.5516
1 3/4-8 UN,2A,0.0023,1.7477,1.7327,1.7252,1.6665,1.659,1.5989
1 3/4-8 UN,3A,0,1.75,1.735,-,1.6688,1.6632,1.6012
1 3/4-10 UNS,2A,0.0019,1.7481,1.7352,-,1.6831,1.6766,1.6291
1 3/4-12 UN,2A,0.0018,1.7482,1.7368,-,1.6941,1.6881,1.649
1 3/4-12 UN,3A,0,1.75,1.7386,-,1.6959,1.6914,1.6508
1 3/4-14 UNS,2A,0.0017,1.7483,1.738,-,1.7019,1.6963,1.6632
1 3/4-16 UN,2A,0.0016,1.7484,1.739,-,1.7078,1.7025,1.6739
1 3/4-16 UN,3A,0,1.75,1.7406,-,1.7094,1.7054,1.6755
1 3/4-18 UNS,2A,0.0015,1.7485,1.7398,-,1.7124,1.7073,1.6824
1 3/4-20 UN,2A,0.0015,1.7485,1.7404,-,1.716,1.7112,1.689
1 3/4-20 UN,3A,0,1.75,1.7419,-,1.7175,1.7139,1.6905
1 13/16-6 UN,2A,0.0025,1.81,1.7918,-,1.7017,1.6933,1.6116
1 13/16-6 UN,3A,0,1.8125,1.7943,-,1.7042,1.6979,1.6141
1 13/16-8 UN,2A,0.0023,1.8102,1.7952,-,1.729,1.7214,1.6614
1 13/16-8 UN,3A,0,1.8125,1.7975,-,1.7313,1.7256,1.6637
1 13/16-12 UN,2A,0.0018,1.8107,1.7993,-,1.7566,1.7506,1.7115
1 13/16-12 UN,3A,0,1.8125,1.8011,-,1.7584,1.7539,1.7133
1 13/16-16 UN,2A,0.0016,1.8109,1.8015,-,1.7703,1.765,1.7364
1 13/16-16 UN,3A,0,1.8125,1.8031,-,1.7719,1.7679,1.738
1 13/16-20 UN,2A,0.0015,1.811,1.8029,-,1.7785,1.7737,1.7515
1 13/16-20 UN,3A,0,1.8125,1.8044,-,1.78,1.7764,1.753
1 7/8-6 UN,2A,0.0025,1.8725,1.8543,-,1.7642,1.7558,1.6741
1 7/8-6 UN,3A,0,1.875,1.8568,-,1.7667,1.7604,1.6766
1 7/8-8 UN,2A,0.0023,1.8727,1.8577,1.8502,1.7915,1.7838,1.7239
1 7/8-8 UN,3A,0,1.875,1.86,-,1.7938,1.7881,1.7262
1 7/8-10 UNS,2A,0.0019,1.8731,1.8602,-,1.8081,1.8016,1.7541
1 7/8-12 UN,2A,0.0018,1.8732,1.8618,-,1.8191,1.8131,1.774
1 7/8-12 UN,3A,0,1.875,1.8636,-,1.8209,1.8164,1.7758
1 7/8-14 UNS,2A,0.0017,1.8733,1.863,-,1.8269,1.8213,1.7883
1 7/8-16 UN,2A,0.0016,1.8734,1.864,-,1.8328,1.8275,1.7989
1 7/8-16 UN,3A,0,1.875,1.8656,-,1.8344,1.8304,1.8005
1 7/8-18 UNS,2A,0.0015,1.8735,1.8648,-,1.8374,1.8323,1.8074
1 7/8-20 UN,2A,0.0015,1.8735,1.8654,-,1.841,1.8362,1.814
1 7/8-20 UN,3A,0,1.875,1.8669,-,1.8425,1.8389,1.8155
1 15/16-6 UN,2A,0.0026,1.9349,1.9167,-,1.8266,1.8181,1.7365
1 15/16-6 UN,3A,0,1.9375,1.9193,-,1.8292,1.8228,1.7391
1 15/16-8 UN,2A,0.0023,1.9352,1.9202,-,1.854,1.8463,1.7864
1 15/16-8 UN,3A,0,1.9375,1.9225,-,1.8563,1.8505,1.7887
1 15/16-12 UN,2A,0.0018,1.9357,1.9243,-,1.8816,1.8755,1.8365
1 15/16-12 UN,3A,0,1.9375,1.9261,-,1.8834,1.8789,1.8383
1 15/16-16 UN,2A,0.0016,1.9359,1.9265,-,1.8953,1.8899,1.8614
1 15/16-16 UN,3A,0,1.9375,1.9281,-,1.8969,1.8929,1.863
1 15/16-20 UN,2A,0.0015,1.936,1.9279,-,1.9035,1.8986,1.8765
1 15/16-20 UN,3A,0,1.9375,1.9294,-,1.905,1.9013,1.878
2-4 1/2 UNC,1A,0.0029,1.9971,1.9641,-,1.8528,1.8385,1.7324
2-4 1/2 UNC,2A,0.0029,1.9971,1.9751,1.9641,1.8528,1.8433,1.7324
2-4 1/2 UNC,3A,0,2,1.978,-,1.8557,1.8486,1.7353
2-6 UN,2A,0.0026,1.9974,1.9792,-,1.8891,1.8805,1.799
2-6 UN,3A,0,2,1.9818,-,1.8917,1.8853,1.8016
2-8 UN,2A,0.0023,1.9977,1.9827,1.9752,1.9165,1.9087,1.8489
2-8 UN,3A,0,2,1.985,-,1.9188,1.913,1.8512
2-10 UNS,2A,0.002,1.998,1.9851,-,1.933,1.9265,1.879
2-12 UN,2A,0.0018,1.9982,1.9868,-,1.9441,1.938,1.899
2-12 UN,3A,0,2,1.9886,-,1.9459,1.9414,1.9008
2-14 UNS,2A,0.0017,1.9983,1.988,-,1.9519,1.9462,1.9133
2-16 UN,2A,0.0016,1.9984,1.989,-,1.9578,1.9524,1.9239
2-16 UN,3A,0,2,1.9906,-,1.9594,1.9554,1.9255
2-18 UNS,2A,0.0015,1.9985,1.9898,-,1.9624,1.9573,1.9324
2-20 UN,2A,0.0015,1.9985,1.9904,-,1.966,1.9611,1.939
2-20 UN,3A,0,2,1.9919,-,1.9675,1.9638,1.9405
2 1/16-16 UNS,2A,0.0016,2.0609,2.0515,-,2.0203,2.0149,1.9864
2 1/16-16 UNS,3A,0,2.0625,2.0531,-,2.0219,2.0179,1.988
2 1/8-6 UN,2A,0.0026,2.1224,2.1042,-,2.0141,2.0054,1.924
2 1/8-6 UN,3A,0,2.125,2.1068,-,2.0167,2.0102,1.9266
2 1/8-8 UN,2A,0.0024,2.1226,2.1076,2.1001,2.0414,2.0335,1.9738
2 1/8-8 UN,3A,0,2.125,2.11,-,2.0438,2.0379,1.9762
2 1/8-12 UN,2A,0.0018,2.1232,2.1118,-,2.0691,2.063,2.024
2 1/8-12 UN,3A,0,2.125,2.1136,-,2.0709,2.0664,2.0258
2 1/8-16 UN,2A,0.0016,2.1234,2.114,-,2.0828,2.0774,2.0489
2 1/8-16 UN,3A,0,2.125,2.1156,-,2.0844,2.0803,2.0505
2 1/8-20 UN,2A,0.0015,2.1235,2.1154,-,2.091,2.0861,2.064
2 1/8-20 UN,3A,0,2.125,2.1169,-,2.0925,2.0888,2.0655
2 3/16-16 UNS,2A,0.0016,2.1859,2.1765,-,2.1453,2.1399,2.1114
2 3/16-16 UNS,3A,0,2.1875,2.1781,-,2.1469,2.1428,2.113
2 1/4-4 1/2 UNC,1A,0.0029,2.2471,2.2141,-,2.1028,2.0882,1.9824
2 1/4-4 1/2 UNC,2A,0.0029,2.2471,2.2251,2.2141,2.1028,2.0931,1.9824
2 1/4-4 1/2 UNC,3A,0,2.25,2.228,-,2.1057,2.0984,1.9853
2 1/4-6 UN,2A,0.0026,2.2474,2.2292,-,2.1391,2.1303,2.049
2 1/4-6 UN,3A,0,2.25,2.2318,-,2.1417,2.1351,2.0516
2 1/4-8 UN,2A,0.0024,2.2476,2.2326,2.2251,2.1664,2.1584,2.0988
2 1/4-8 UN,3A,0,2.25,2.235,-,2.1688,2.1628,2.1012
2 1/4-10 UNS,2A,0.002,2.248,2.2351,-,2.183,2.1765,2.129
2 1/4-12 UN,2A,0.0018,2.2482,2.2368,-,2.1941,2.188,2.149
2 1/4-12 UN,3A,0,2.25,2.2386,-,2.1959,2.1914,2.1508
2 1/4-14 UNS,2A,0.0017,2.2483,2.238,-,2.2019,2.1962,2.1633
2 1/4-16 UN,2A,0.0016,2.2484,2.239,-,2.2078,2.2024,2.1739
2 1/4-16 UN,3A,0,2.25,2.2406,-,2.2094,2.2053,2.1755
2 1/4-18 UNS,2A,0.0015,2.2485,2.2398,-,2.2124,2.2073,2.1824
2 1/4-20 UN,2A,0.0015,2.2485,2.2404,-,2.216,2.2111,2.189
2 1/4-20 UN,3A,0,2.25,2.2419,-,2.2175,2.2137,2.1905
2 5/16-16 UNS,2A,0.0017,2.3108,2.3014,-,2.2702,2.2647,2.2363
2 5/16-16 UNS,3A,0,2.3125,2.3031,-,2.2719,2.2678,2.238
2 3/8-6 UN,2A,0.0027,2.3723,2.3541,-,2.264,2.2551,2.1739
2 3/8-6 UN,3A,0,2.375,2.3568,-,2.2667,2.2601,2.1766
2 3/8-8 UN,2A,0.0024,2.3726,2.3576,-,2.2914,2.2833,2.2238
2 3/8-8 UN,3A,0,2.375,2.36,-,2.2938,2.2878,2.2262
2 3/8-12 UN,2A,0.0019,2.3731,2.3617,-,2.319,2.3128,2.2739
2 3/8-12 UN,3A,0,2.375,2.3636,-,2.3209,2.3163,2.2758
2 3/8-16 UN,2A,0.0017,2.3733,2.3639,-,2.3327,2.3272,2.2988
2 3/8-16 UN,3A,0,2.375,2.3656,-,2.3344,2.3303,2.3005
2 3/8-20 UN,2A,0.0015,2.3735,2.3654,-,2.341,2.3359,2.314
2 3/8-20 UN,3A,0,2.375,2.3669,-,2.3425,2.3387,2.3155
2 7/16-16 UNS,2A,0.0017,2.4358,2.4264,-,2.3952,2.3897,2.3613
2 7/16-16 UNS,3A,0,2.4375,2.4281,-,2.3969,2.3928,2.363
2 1/2-4 UNC,1A,0.0031,2.4969,2.4612,-,2.3345,2.319,2.1992
2 1/2-4 UNC,2A,0.0031,2.4969,2.4731,2.4612,2.3345,2.3241,2.1992
2 1/2-4 UNC,3A,0,2.5,2.4762,-,2.3376,2.3298,2.2023
2 1/2-6 UN,2A,0.0027,2.4973,2.4791,-,2.389,2.38,2.2989
2 1/2-6 UN,3A,0,2.5,2.4818,-,2.3917,2.385,2.3016
2 1/2-8 UN,2A,0.0024,2.4976,2.4826,2.4751,2.4164,2.4082,2.3488
2 1/2-8 UN,3A,0,2.5,2.485,-,2.4188,2.4127,2.3512
2 1/2-10 UNS,2A,0.002,2.498,2.4851,-,2.433,2.4263,2.379
2 1/2-12 UN,2A,0.0019,2.4981,2.4867,-,2.444,2.4378,2.3989
2 1/2-12 UN,3A,0,2.5,2.4886,-,2.4459,2.4413,2.4008
2 1/2-14 UNS,2A,0.0017,2.4983,2.488,-,2.4519,2.4461,2.4133
2 1/2-16 UN,2A,0.0017,2.4983,2.4889,-,2.4577,2.4522,2.4238
2 1/2-16 UN,3A,0,2.5,2.4906,-,2.4594,2.4553,2.4255
2 1/2-18 UNS,2A,0.0016,2.4984,2.4897,-,2.4623,2.457,2.4323
2 1/2-20 UN,2A,0.0015,2.4985,2.4904,-,2.466,2.4609,2.439
2 1/2-20 UN,3A,0,2.5,2.4919,-,2.4675,2.4637,2.4405
2 5/8-6 UN,2A,0.0027,2.6223,2.6041,-,2.514,2.505,2.4239
2 5/8-6 UN,3A,0,2.625,2.6068,-,2.5167,2.5099,2.4266
2 5/8-8 UN,2A,0.0025,2.6225,2.6075,-,2.5413,2.5331,2.4737
2 5/8-8 UN,3A,0,2.625,2.61,-,2.5438,2.5376,2.4762
2 5/8-12 UN,2A,0.0019,2.6231,2.6117,-,2.569,2.5628,2.5239
2 5/8-12 UN,3A,0,2.625,2.6136,-,2.5709,2.5663,2.5258
2 5/8-16 UN,2A,0.0017,2.6233,2.6139,-,2.5827,2.5772,2.5488
2 5/8-16 UN,3A,0,2.625,2.6156,-,2.5844,2.5803,2.5505
2 5/8-20 UN,2A,0.0015,2.6235,2.6154,-,2.591,2.5859,2.564
2 5/8-20 UN,3A,0,2.625,2.6169,-,2.5925,2.5887,2.5655
2 3/4-4 UNC,1A,0.0032,2.7468,2.7111,-,2.5844,2.5686,2.4491
2 3/4-4 UNC,2A,0.0032,2.7468,2.723,2.7111,2.5844,2.5739,2.4491
2 3/4-4 UNC,3A,0,2.75,2.7262,-,2.5876,2.5797,2.4523
2 3/4-6 UN,2A,0.0027,2.7473,2.7291,-,2.639,2.6299,2.5489
2 3/4-6 UN,3A,0,2.75,2.7318,-,2.6417,2.6349,2.5516
2 3/4-8 UN,2A,0.0025,2.7475,2.7325,2.725,2.6663,2.658,2.5987
2 3/4-8 UN,3A,0,2.75,2.735,-,2.6688,2.6625,2.6012
2 3/4-10 UNS,2A,0.002,2.748,2.7351,-,2.683,2.6763,2.629
2 3/4-12 UN,2A,0.0019,2.7481,2.7367,-,2.694,2.6878,2.6489
2 3/4-12 UN,3A,0,2.75,2.7386,-,2.6959,2.6913,2.6508
2 3/4-14 UNS,2A,0.0017,2.7483,2.738,-,2.7019,2.6961,2.6633
2 3/4-16 UN,2A,0.0017,2.7483,2.7389,-,2.7077,2.7022,2.6738
2 3/4-16 UN,3A,0,2.75,2.7406,-,2.7094,2.7053,2.6755
2 3/4-18 UNS,2A,0.0016,2.7484,2.7397,-,2.7123,2.707,2.6832
2 3/4-20 UN,2A,0.0015,2.7485,2.7404,-,2.716,2.7109,2.689
2 3/4-20 UN,3A,0,2.75,2.7419,-,2.7175,2.7137,2.6905
2 7/8-6 UN,2A,0.0028,2.8722,2.854,-,2.7639,2.7547,2.6738
2 7/8-6 UN,3A,0,2.875,2.8568,-,2.7667,2.7598,2.6766
2 7/8-8 UN,2A,0.0025,2.8725,2.8575,-,2.7913,2.7829,2.7237
2 7/8-8 UN,3A,0,2.875,2.86,-,2.7938,2.7875,2.7262
2 7/8-12 UN,2A,0.0019,2.8731,2.8617,-,2.819,2.8127,2.7739
2 7/8-12 UN,3A,0,2.875,2.8636,-,2.8209,2.8162,2.7758
2 7/8-16 UN,2A,0.0017,2.8733,2.8639,-,2.8327,2.8271,2.7988
2 7/8-16 UN,3A,0,2.875,2.8656,-,2.8344,2.8302,2.8005
2 7/8-20 UN,2A,0.0016,2.8734,2.8653,-,2.8409,2.8357,2.8139
2 7/8-20 UN,3A,0,2.875,2.8669,-,2.8425,2.8386,2.8155
3-4 UNC,1A,0.0032,2.9968,2.9611,-,2.8344,2.8183,2.6991
3-4 UNC,2A,0.0032,2.9968,2.973,2.9611,2.8344,2.8237,2.6991
3-4 UNC,3A,0,3,2.9762,-,2.8376,2.8296,2.7023
3-6 UN,2A,0.0028,2.9972,2.979,-,2.8889,2.8796,2.7988
3-6 UN,3A,0,3,2.9818,-,2.8917,2.8847,2.8016
3-8 UN,2A,0.0026,2.9974,2.9824,2.9749,2.9162,2.9077,2.8486
3-8 UN,3A,0,3,2.985,-,2.9188,2.9124,2.8512
3-10 UNS,2A,0.002,2.998,2.9851,-,2.933,2.9262,2.879
3-12 UN,2A,0.0019,2.9981,2.9867,-,2.944,2.9377,2.8989
3-12 UN,3A,0,3,2.9886,-,2.9459,2.9412,2.9008
3-14 UNS,2A,0.0018,2.9982,2.9879,-,2.9518,2.9459,2.9132
3-16 UN,2A,0.0017,2.9983,2.9889,-,2.9577,2.9521,2.9238
3-16 UN,3A,0,3,2.9906,-,2.9594,2.9552,2.9255
3-18 UNS,2A,0.0016,2.9984,2.9897,-,2.9623,2.9569,2.9323
3-20 UN,2A,0.0016,2.9984,2.9903,-,2.9659,2.9607,2.9389
3-20 UN,3A,0,3,2.9919,-,2.9675,2.9636,2.9405
3 1/8-6 UN,2A,0.0028,3.1222,3.104,-,3.0139,3.0045,2.9238
3 1/8-6 UN,3A,0,3.125,3.1068,-,3.0167,3.0097,2.9266
3 1/8-8 UN,2A,0.0026,3.1224,3.1074,-,3.0412,3.0326,2.9736
3 1/8-8 UN,3A,0,3.125,3.11,-,3.0438,3.0374,2.9762
3 1/8-12 UN,2A,0.0019,3.1231,3.1117,-,3.069,3.0627,3.0239
3 1/8-12 UN,3A,0,3.125,3.1136,-,3.0709,3.0662,3.0258
3 1/8-16 UN,2A,0.0017,3.1233,3.1139,-,3.0827,3.0771,3.0488
3 1/8-16 UN,3A,0,3.125,3.1156,-,3.0844,3.0802,3.0505
3 1/4-4 UNC,1A,0.0033,3.2467,3.211,-,3.0843,3.068,2.949
3 1/4-4 UNC,2A,0.0033,3.2467,3.2229,3.211,3.0843,3.0734,2.949
3 1/4-4 UNC,3A,0,3.25,3.2262,-,3.0876,3.0794,2.9523
3 1/4-6 UN,2A,0.0028,3.2472,3.229,-,3.1389,3.1294,3.0488
3 1/4-6 UN,3A,0,3.25,3.2318,-,3.1417,3.1346,3.0516
3 1/4-8 UN,2A,0.0026,3.2474,3.2324,3.2249,3.1662,3.1575,3.0986
3 1/4-8 UN,3A,0,3.25,3.235,-,3.1688,3.1623,3.1012
3 1/4-10 UNS,2A,0.002,3.248,3.2351,-,3.183,3.1762,3.129
3 1/4-12 UN,2A,0.0019,3.2481,3.2367,-,3.194,3.1877,3.1489
3 1/4-12 UN,3A,0,3.25,3.2386,-,3.1959,3.1912,3.1508
3 1/4-14 UNS,2A,0.0018,3.2482,3.2379,-,3.2018,3.1959,3.1632
3 1/4-16 UN,2A,0.0017,3.2483,3.2389,-,3.2077,3.2021,3.1738
3 1/4-16 UN,3A,0,3.25,3.2406,-,3.2094,3.2052,3.1755
3 1/4-18 UNS,2A,0.0016,3.2484,3.2397,-,3.2123,3.2069,3.1823
3 3/8-6 UN,2A,0.0029,3.3721,3.3539,-,3.2638,3.2543,3.1737
3 3/8-6 UN,3A,0,3.375,3.3568,-,3.2667,3.2595,3.1766
3 3/8-8 UN,2A,0.0026,3.3724,3.3574,-,3.2912,3.2824,3.2236
3 3/8-8 UN,3A,0,3.375,3.36,-,3.2938,3.2872,3.2262
3 3/8-12 UN,2A,0.0019,3.3731,3.3617,-,3.319,3.3126,3.2739
3 3/8-12 UN,3A,0,3.375,3.3636,-,3.3209,3.3161,3.2758
3 3/8-16 UN,2A,0.0017,3.3733,3.3639,-,3.3327,3.3269,3.2988
3 3/8-16 UN,3A,0,3.375,3.3656,-,3.3344,3.3301,3.3005
3 1/2-4 UNC,1A,0.0033,3.4967,3.461,-,3.3343,3.3177,3.199
3 1/2-4 UNC,2A,0.0033,3.4967,3.4729,3.461,3.3343,3.3233,3.199
3 1/2-4 UNC,3A,0,3.5,3.4762,-,3.3376,3.3293,3.2023
3 1/2-6 UN,2A,0.0029,3.4971,3.4789,-,3.3888,3.3792,3.2987
3 1/2-6 UN,3A,0,3.5,3.4818,-,3.3917,3.3845,3.3016
3 1/2-8 UN,2A,0.0026,3.4974,3.4824,3.4749,3.4162,3.4074,3.3486
3 1/2-8 UN,3A,0,3.5,3.485,-,3.4188,3.4122,3.3512
3 1/2-10 UNS,2A,0.0021,3.4979,3.485,-,3.4329,3.426,3.3789
3 1/2-12 UN,2A,0.0019,3.4981,3.4867,-,3.444,3.4376,3.3989
3 1/2-12 UN,3A,0,3.5,3.4886,-,3.4459,3.4411,3.4008
3 1/2-14 UNS,2A,0.0018,3.4982,3.4879,-,3.4518,3.4132,3.4132
3 1/2-16 UN,2A,0.0017,3.4983,3.4889,-,3.4577,3.4519,3.4238
3 1/2-16 UN,3A,0,3.5,3.4906,-,3.4594,3.4551,3.4255
3 1/2-18 UNS,2A,0.0017,3.4983,3.4896,-,3.4622,3.4322,3.4322
3 5/8-6 UN,2A,0.0029,3.6221,3.6039,-,3.5138,3.5041,3.4237
3 5/8-6 UN,3A,0,3.625,3.6068,-,3.5167,3.5094,3.4266
3 5/8-8 UN,2A,0.0027,3.6223,3.6073,-,3.5411,3.5322,3.4735
3 5/8-8 UN,3A,0,3.625,3.61,-,3.5438,3.5371,3.4762
3 5/8-12 UN,2A,0.0019,3.6231,3.6117,-,3.569,3.5626,3.5239
3 5/8-12 UN,3A,0,3.625,3.6136,-,3.5709,3.5661,3.5258
3 5/8-16 UN,2A,0.0017,3.6233,3.6139,-,3.5827,3.5769,3.5488
3 5/8-16 UN,3A,0,3.625,3.6156,-,3.5844,3.5801,3.5505
3 3/4-4 UNC,1A,0.0034,3.7466,3.7109,-,3.5842,3.5674,3.4489
3 3/4-4 UNC,2A,0.0034,3.7466,3.7228,3.7109,3.5842,3.573,3.4489
3 3/4-4 UNC,3A,0,3.75,3.7262,-,3.5876,3.5792,3.4523
3 3/4-6 UN,2A,0.0029,3.7471,3.7289,-,3.6388,3.629,3.5487
3 3/4-6 UN,3A,0,3.75,3.7318,-,3.6417,3.6344,3.5516
3 3/4-8 UN,2A,0.0027,3.7473,3.7323,3.7248,3.6661,3.6571,3.5985
3 3/4-8 UN,3A,0,3.75,3.735,-,3.6688,3.6621,3.6012
3 3/4-10 UNS,2A,0.0021,3.7479,3.735,-,3.6829,3.6289,3.6289
3 3/4-12 UN,2A,0.0019,3.7481,3.7367,-,3.694,3.6876,3.6489
3 3/4-12 UN,3A,0,3.75,3.7386,-,3.6959,3.6911,3.6508
3 3/4-14 UNS,2A,0.0018,3.7482,3.7379,-,3.7018,3.6632,3.6632
3 3/4-16 UN,2A,0.0017,3.7483,3.7389,-,3.7077,3.7019,3.6738
3 3/4-16 UN,3A,0,3.75,3.7406,-,3.7094,3.7051,3.6755
3 3/4-18 UNS,2A,0.0017,3.7483,3.7396,-,3.7122,3.6822,3.6822
3 7/8-6 UN,2A,0.003,3.872,3.8538,-,3.7637,3.7538,3.6736
3 7/8-6 UN,3A,0,3.875,3.8568,-,3.7667,3.7593,3.6766
3 7/8-8 UN,2A,0.0027,3.8723,3.8573,-,3.7911,3.782,3.7235
3 7/8-8 UN,3A,0,3.875,3.86,-,3.7938,3.787,3.7262
3 7/8-12 UN,2A,0.002,3.873,3.8616,-,3.8189,3.8124,3.7738
3 7/8-12 UN,3A,0,3.875,3.8636,-,3.8209,3.816,3.7758
3 7/8-16 UN,2A,0.0018,3.8732,3.8638,-,3.8326,3.8267,3.7987
3 7 /8-16 UN,3A,0,3.875,3.8656,-,3.8344,3.83,3.8005
4-4 UNC,1A,0.0034,3.9966,3.9609,-,3.8342,3.8172,3.6989
4-4 UNC,2A,0.0034,3.9966,3.9728,-,3.8342,3.8229,3.6989
4-4 UNC,3A,0,4,3.9762,-,3.8376,3.8291,3.7023
4-6 UN,2A,0.003,3.997,3.9788,-,3.8887,3.8788,3.7986
4-6 UN,3A,0,4,3.9818,-,3.8917,3.8843,3.8016
4-8 UN,2A,0.0027,3.9973,3.9823,3.9748,3.9161,3.907,3.8485
4-8 UN,3A,0,4,3.985,-,3.9188,3.912,3.8512
4-10 UNS,2A,0.0021,3.9979,3.985,-,3.9329,3.9259,3.8768
4-12 UN,2A,0.002,3.998,3.9866,-,3.9439,3.9374,3.8988
4-12 UN,3A,0,4,3.9886,-,3.9459,3.941,3.9008
4-14 UNS,2A,0.0018,3.9982,3.9879,-,3.9518,3.9456,3.9132
4-16 UN,2A,0.0018,3.9982,3.9888,-,3.9576,3.9517,3.9237
4-16 UN,3A,0,4,3.9906,-,3.9594,3.955,3.9255
